,latitude,longitude,key,address
3600,39.71895,-104.9848,15001847,"128, Sherman Street, Quality Hill Historic District, Denver, Denver County, Colorado, 80203, United States of America"
3601,39.76227,-105.01579,369319718,"3204, Zuni Street, Highland, Denver, Denver County, Colorado, 80211, United States of America"
3602,39.70095,-104.97888999999999,15233529,"856, South Washington Street, Alamo Placita, Denver, Denver County, Colorado, 80209, United States of America"
3603,39.699729999999995,-104.97903000000001,144913393,"920, South Washington Street, Alamo Placita, Denver, Denver County, Colorado, 80209, United States of America"
3604,39.754709999999996,-105.02646999999999,126005655,"3042, West 26th Avenue, Sloan Lake, Denver, Denver County, Colorado, 80211, United States of America"
3605,39.68757,-105.05237,465795083,"1615, South Zenobia Street, Mar Lee, College View, Denver, Denver County, Colorado, 80219, United States of America"
3606,39.72221,-104.99432,220530103,"363, Elati Street, Baker, Denver, Denver County, Colorado, 80223, United States of America"
3607,39.725359999999995,-104.97113,244253944,"1302, East 6th Avenue, Alamo Placita, Denver, Denver County, Colorado, 80218, United States of America"
3608,39.701229999999995,-104.97911,396831084,"844, South Washington Street, Alamo Placita, Denver, Denver County, Colorado, 80209, United States of America"
3609,39.734190000000005,-104.96236,475662,"1137, Vine Street, Cheesman Park, Denver, Denver County, Colorado, 80206, United States of America"
3610,39.74947,-104.9721,341337430,"1325, East 22nd Avenue, City Park West, Denver, Denver County, Colorado, 80205, United States of America"
3611,39.73591,-104.97458,453059166,"1245, Corona Street, Capitol Hill, Denver, Denver County, Colorado, 80218, United States of America"
3612,39.7949,-104.77765,462093794,"East 54th Avenue, Denver, Denver County, Colorado, 80019, United States of America"
3613,39.7395,-104.97961000000001,244672306,"600, East Colfax Avenue, Uptown, Denver, Denver County, Colorado, 80203, United States of America"
3614,39.7867,-105.03199,458182856,"4962, Knox Court, Regis, Denver, Denver County, Colorado, 80221, United States of America"
3615,39.766420000000004,-105.02408999999999,120282565,"Highlands Masonic Temple, 3550, Federal Boulevard, Highland, Denver, Denver County, Colorado, 80211, United States of America"
3616,39.77713,-105.04831000000001,160212339,"4426, Wolff Street, Berkeley, Denver, Denver County, Colorado, 80212, United States of America"
3617,39.75495,-104.96019,131896848,"2621, York Street, San Rafael Historic District, Denver, Denver County, Colorado, 80205, United States of America"
3618,39.67857,-104.94511999999999,140330257,"Brookdale University Park, 2020, South Monroe Street, Denver, Denver County, Colorado, 80210, United States of America"
3619,39.78543,-105.01552,220347461,"4890, Zuni Street, Chaffee Park, Denver, Denver County, Colorado, 80221, United States of America"
3620,39.76019,-104.99623999999999,19243878,"The Diamond At Prospect Apartments, 3001, Fox Street, Five Points, Denver, Denver County, Colorado, 80202, United States of America"
3621,39.751290000000004,-105.02,50545059,"2623, West 23rd Avenue, Jefferson Park, Denver, Denver County, Colorado, 80211, United States of America"
3622,39.789390000000004,-104.73631,191427441,"Florida Pitt Waller School, Perth Street, Denver, Denver County, Colorado, 80019, United States of America"
3623,39.73854,-104.90484,341882765,"7192, East 14th Avenue, Denver, Denver County, Colorado, 80220, United States of America"
3624,39.76358,-104.93542,294170557,"3330, Birch Street, North Park HIll, Denver, Denver County, Colorado, 80207, United States of America"
3625,39.76773,-104.96189,10238550,"3631, Vine Street, Cole Neighborhood Historic District, Denver, Denver County, Colorado, 80205, United States of America"
3626,39.73363,-104.91885,219917617,"5956, East 11th Avenue, Denver, Denver County, Colorado, 80220, United States of America"
3627,39.78522,-104.73652,85870729,"4999, North Perth Street, Green Valley Ranch, Denver, Denver County, Colorado, 80249, United States of America"
3628,39.784079999999996,-104.73527,246956880,"4916, North Perth Street, Green Valley Ranch, Denver, Denver County, Colorado, 80249, United States of America"
3629,39.78329,-104.73555,394210661,"Perth Street, Green Valley Ranch, Denver, Denver County, Colorado, 80019, United States of America"
3630,39.74488,-104.97256000000002,420216145,"1135, East 18th Avenue, City Park West, Denver, Denver County, Colorado, 80218, United States of America"
3631,39.74394,-104.97706000000001,172900601,"1728, Clarkson Street, North Capitol Hill, Denver, Denver County, Colorado, 80218, United States of America"
3632,39.74672,-104.96581,26546385,"Presbyterian / Saint Luke's Medical Center, 1719, East 19th Avenue, City Park West, Denver, Denver County, Colorado, 80218, United States of America"
3633,39.76287,-104.97962,420708560,"3034, Larimer Street, Five Points, Denver, Denver County, Colorado, 80205, United States of America"
3634,39.7355,-104.97769,341892523,"Gaucho Apartments, 1201, Clarkson Street, Capitol Hill, Denver, Denver County, Colorado, 80218, United States of America"
3635,39.73072,-105.05233999999999,21197743,"869, Zenobia Street, Villa Park, Denver, Denver County, Colorado, 80204, United States of America"
3636,39.73041,-105.05245,320633284,"845, Zenobia Street, Villa Park, Denver, Denver County, Colorado, 80204, United States of America"
3637,39.73019,-104.93101000000001,322043518,"870, Dahlia Street, Denver, Denver County, Colorado, 80220, United States of America"
3638,39.74625,-104.99183000000001,327215077,"Equitable Building, 730, 17th Street, Central Business District, Denver, Denver County, Colorado, 80202, United States of America"
3639,39.757690000000004,-105.02235,72557143,"2819, Decatur Street, Jefferson Park, Denver, Denver County, Colorado, 80211, United States of America"
3640,39.716429999999995,-105.02215,111828668,"2772, West Ellsworth Avenue, Valverde, Denver, Denver County, Colorado, 80219, United States of America"
3641,39.68503,-104.97413999999999,4961748,"1738, South Corona Street, Platt Park, College View, Denver, Denver County, Colorado, 80210, United States of America"
3642,39.720729999999996,-104.98253999999999,245320829,"279, Logan Street, Alamo Placita, Denver, Denver County, Colorado, 80203, United States of America"
3643,39.7604,-105.0112,17096806,"3117, Tejon Street, Highland, Denver, Denver County, Colorado, 80211, United States of America"
3644,39.720259999999996,-104.99157,129110592,"245, Bannock Street, Baker, Denver, Denver County, Colorado, 80223, United States of America"
3645,39.75492,-104.98048999999999,282705428,"723, 26th Street, Five Points, Denver, Denver County, Colorado, 80205, United States of America"
3646,39.74974,-104.97263000000001,481806385,"2205, Marion Street, City Park West, Denver, Denver County, Colorado, 80205, United States of America"
3647,39.76433,-104.97981000000001,221916703,"3131, Walnut Street, Five Points, Denver, Denver County, Colorado, 80205, United States of America"
3648,39.73342,-105.02843,268383858,"1020, Hooker Street, Villa Park, Denver, Denver County, Colorado, 80204, United States of America"
3649,39.712990000000005,-104.98822,347253947,"33, West Cedar Avenue, Baker, Denver, Denver County, Colorado, 80223, United States of America"
3650,39.75592,-105.00048000000001,332577924,"Ashley Union Station, 1850, Chestnut Place, Union Station, Denver, Denver County, Colorado, 80202, United States of America"
3651,39.77802,-105.02259,70399780,"4480, Elm Court, Sunnyside, Denver, Denver County, Colorado, 80211, United States of America"
3652,39.75397,-105.00112,267552301,"Union Station Bus Concourse, Wewatta Street, 16th Street Mall, Denver, Denver County, Colorado, 80202, United States of America"
3653,39.79714,-104.75724,45407580,"5572, Genoa Street, Green Valley Ranch, Denver, Denver County, Colorado, 80249, United States of America"
3654,39.760690000000004,-105.00871000000001,192635926,"LoHi Flats, 2640, Central Court North, Highland, Denver, Denver County, Colorado, 80211, United States of America"
3655,39.69809,-104.9037,294484820,"1005, South Quebec Street, Denver, Denver County, Colorado, 80224, United States of America"
3656,39.76099,-104.93743,365390836,"3099, Bellaire Street, North Park HIll, Denver, Denver County, Colorado, 80207, United States of America"
3657,39.67503,-104.97775,149605423,"827, East Iliff Avenue, College View, Denver, Denver County, Colorado, 80210, United States of America"
3658,39.75592,-104.96014,381024005,"2701, York Street, San Rafael Historic District, Denver, Denver County, Colorado, 80205, United States of America"
3659,39.73624,-104.97548,112816950,"Timperly Condominiums, 1255, Ogden Street, Capitol Hill, Denver, Denver County, Colorado, 80218, United States of America"
3660,39.716229999999996,-104.97523000000001,461283186,"6, South Ogden Street, Country Club Towers and Gardens, Denver, Denver County, Colorado, 80209, United States of America"
3661,39.74889,-105.02358000000001,170554934,"2102, Eliot Street, Jefferson Park, Denver, Denver County, Colorado, 80211, United States of America"
3662,39.74199,-104.88843,407967398,"8587, East 16th Avenue, Denver, Denver County, Colorado, 80220, United States of America"
3663,39.67037,-105.04931,248653952,"4750, West Lakeridge Road, Harvey Park, College View, Denver, Denver County, Colorado, 80219, United States of America"
3664,39.77297,-105.01114,283130258,"1930, West 41st Avenue, Sunnyside, Denver, Denver County, Colorado, 80211, United States of America"
3665,39.704679999999996,-105.0082,361718960,"640, South Raritan Street, Athmar Park, College View, Denver, Denver County, Colorado, 80223, United States of America"
3666,39.719770000000004,-104.98988,363686616,"129, West 2nd Avenue, Baker, Denver, Denver County, Colorado, 80223, United States of America"
3667,39.627590000000005,-105.09465,227467837,"Denver Fire Department Station 30, South Dudley Street, Denver, Denver County, Colorado, 80235, United States of America"
3668,39.77791,-104.95183999999999,117711599,"4412, Milwaukee Street, Elyria Swansea, Denver, Denver County, Colorado, 80216, United States of America"
3669,39.66753,-105.04385,181326425,"2703, South Tennyson Way, Harvey Park, College View, Denver, Denver County, Colorado, 80236, United States of America"
3670,39.72311,-104.97441,433038624,"417, Corona Street, Alamo Placita, Denver, Denver County, Colorado, 80218, United States of America"
3671,39.77471,-105.01313,446285192,"4228, Vallejo Street, Sunnyside, Denver, Denver County, Colorado, 80211, United States of America"
3672,39.78483,-105.02173,263629650,"4855, Decatur Street, Chaffee Park, Denver, Denver County, Colorado, 80221, United States of America"
3673,39.75112,-105.0371,263272218,"3801, West 23rd Avenue, Sloan Lake, Denver, Denver County, Colorado, 80211, United States of America"
3674,39.69229,-105.01884,85620954,"1341, South Bryant Street, Ruby Hill, College View, Denver, Denver County, Colorado, 80219, United States of America"
3675,39.76293,-104.95513000000001,471618741,"3251, Clayton Street, Skyland, Denver, Denver County, Colorado, 80205, United States of America"
3676,39.74684,-105.02968,76982083,"1922, Irving Street, West Colfax, Denver, Denver County, Colorado, 80204, United States of America"
3677,39.77127,-105.02008000000001,99095960,"3934, Clay Street, Sunnyside, Denver, Denver County, Colorado, 80211, United States of America"
3678,39.67564,-104.93301000000001,208029201,"2254, South Dexter Street, Denver, Denver County, Colorado, 80222, United States of America"
3679,39.7743,-104.95102,34396018,"4131, Saint Paul Street, Clayton, Denver, Denver County, Colorado, 80216, United States of America"
3680,39.757220000000004,-104.8753,131111182,"2840, Clinton Way, Denver, Denver County, Colorado, 80238, United States of America"
3681,39.645759999999996,-104.88533999999999,157243111,"3902, South Yosemite Street, Denver, Denver County, Colorado, 80237, United States of America"
3682,39.667190000000005,-104.94415,146006669,"2709, South Garfield Street, Denver, Denver County, Colorado, 80210, United States of America"
3683,39.71419,-104.985,24502235,"122, South Sherman Street, Alamo Placita, Denver, Denver County, Colorado, 80209, United States of America"
3684,39.775420000000004,-104.95171,339217991,"4276, East 42nd Avenue, Elyria Swansea, Denver, Denver County, Colorado, 80216, United States of America"
3685,39.72508,-104.95924,455872829,"554, University Boulevard, Alamo Placita, Denver, Denver County, Colorado, 80206, United States of America"
3686,39.68058,-105.04945,406373894,"2013, South Wolcott Court, Harvey Park, College View, Denver, Denver County, Colorado, 80219, United States of America"
3687,39.77786,-104.77604000000001,295258130,"East 45th Avenue, Green Valley Ranch, Denver, Denver County, Colorado, 80011-3316, United States of America"
3688,39.77389,-104.93886,386526252,"Park Hill 4000, Albion Street, Denver, Denver County, Colorado, 80207, United States of America"
3689,39.7532,-104.96448999999998,229881998,"1919, East 25th Avenue, Whittier, Denver, Denver County, Colorado, 80205, United States of America"
3690,39.79188,-104.84062,364511312,"12832, Elmendorf Place, Montebello, Denver, Denver County, Colorado, 80239, United States of America"
3691,39.73952,-104.91242,263791585,"1459, Monaco Parkway, Denver, Denver County, Colorado, 80220, United States of America"
3692,39.67507,-105.03453,14925423,"2296, South Lowell Boulevard, Harvey Park, College View, Denver, Denver County, Colorado, 80219, United States of America"
3693,39.76433,-104.97081999999999,47636859,"Bruce Randolph Community Garden, 1402, East Bruce Randolph Avenue, Cole, Denver, Denver County, Colorado, 80205, United States of America"
3694,39.727709999999995,-104.9558,281595657,"2627, East 7th Avenue, Alamo Placita, Denver, Denver County, Colorado, 80206, United States of America"
3695,39.76535,-104.95606000000001,461596784,"Hope Center Denver, Elizabeth Street, Clayton, Denver, Denver County, Colorado, 80205, United States of America"
3696,39.75335,-104.97958999999999,340732616,"The Lydian, 2560, Welton Street, Five Points, Denver, Denver County, Colorado, 80205, United States of America"
3697,39.77714,-105.02847,452008929,"4415, Hooker Street, Grandview, Denver, Denver County, Colorado, 80211, United States of America"
3698,39.753820000000005,-104.97698000000001,2156680,"2531, Clarkson Street, Five Points, Denver, Denver County, Colorado, 80205, United States of America"
3699,39.72933,-104.99545,215974286,"819, Fox Street, Baker, Denver, Denver County, Colorado, 80204, United States of America"
3700,39.71918,-104.99091000000001,166719772,"213, Bannock Street, Baker, Denver, Denver County, Colorado, 80223, United States of America"
3701,39.75124,-104.98795,284477698,"901, 21st Street, Five Points, Denver, Denver County, Colorado, 80205, United States of America"
3702,39.73105,-104.99558,178113574,"West Denver High School, 951, Elati Street, Lincoln Park, Denver, Denver County, Colorado, 80204, United States of America"
3703,39.741929999999996,-104.898,275247638,"7768, East 16th Avenue, Denver, Denver County, Colorado, 80220, United States of America"
3704,39.736740000000005,-104.97015,369325231,"Park Grove, 1280, Lafayette Street, Cheesman Park, Denver, Denver County, Colorado, 80218, United States of America"
3705,39.730709999999995,-104.9725,207199785,"910, Downing Street, Alamo Placita, Denver, Denver County, Colorado, 80218, United States of America"
3706,39.73834,-104.96828000000001,169215542,"1600, East 14th Avenue, Cheesman Park, Denver, Denver County, Colorado, 80218, United States of America"
3707,39.74759,-104.98041,74453148,"350, Park Avenue West, Five Points, Denver, Denver County, Colorado, 80205, United States of America"
3708,39.71118,-105.02361,180693148,"Empress Dim Sum, West Alameda Avenue, Valverde, College View, Denver, Denver County, Colorado, 80219-1535, United States of America"
3709,39.76624,-104.87901000000001,417658730,"3599, Beeler Court, Denver, Denver County, Colorado, 80238, United States of America"
3710,39.751999999999995,-105.03908,21623909,"3940, West 24th Avenue, Sloan Lake, Denver, Denver County, Colorado, 80212, United States of America"
3711,39.68187,-105.04749,473416713,"1919, South Winona Court, Harvey Park, College View, Denver, Denver County, Colorado, 80219, United States of America"
3712,39.69112,-104.95848000000001,83604574,"Saint Michael And All Angels Church, East Arkansas Avenue, Denver, Denver County, Colorado, 80210-2938, United States of America"
3713,39.75508,-104.98383000000001,443389232,"2450, Curtis Street, Five Points, Denver, Denver County, Colorado, 80205, United States of America"
3714,39.74884,-104.99663000000001,335798088,"One Tabor Center, 1200, 17th Street, Central Business District, Denver, Denver County, Colorado, 80202, United States of America"
3715,39.7503,-104.91108999999999,58936558,"6651, East 22nd Avenue, South Park Hill, Denver, Denver County, Colorado, 80207, United States of America"
3716,39.730470000000004,-104.94294,73855551,"3798, East 9th Avenue, Denver, Denver County, Colorado, 80206, United States of America"
3717,39.72959,-104.94145,327740319,"820, Harrison Street, Denver, Denver County, Colorado, 80206, United States of America"
3718,39.75743,-104.92128999999998,83342532,"2847, Ivanhoe Street, North Park HIll, Denver, Denver County, Colorado, 80207, United States of America"
3719,39.75663,-105.02731000000001,369566150,"2740, Hazel Court, Sloan Lake, Denver, Denver County, Colorado, 80211, United States of America"
3720,39.746159999999996,-104.99515,419801766,"Bauer Building, 1512, Curtis Street, 16th Street Mall, Denver, Denver County, Colorado, 80202, United States of America"
3721,39.67579,-104.99001000000001,149159721,"2251, South Bannock Street, College View, Denver, Denver County, Colorado, 80223, United States of America"
3722,39.67694,-104.9171,142236235,"6116, East Warren Avenue, Denver, Denver County, Colorado, 80222, United States of America"
3723,39.71731,-104.93925,335507773,"72, Albion Street, Denver, Denver County, Colorado, 80220, United States of America"
3724,39.763740000000006,-105.02802,474219565,"Patient Apartment Building, 3279, Grove Street, West Highland, Denver, Denver County, Colorado, 80211, United States of America"
3725,39.750040000000006,-104.99493000000001,468740702,"17th Street Plaza, 1225, 17th Street, Central Business District, Denver, Denver County, Colorado, 80202, United States of America"
3726,39.69531,-105.01166,66380508,"1167, South Taos Way, Ruby Hill, College View, Denver, Denver County, Colorado, 80223, United States of America"
3727,39.73659,-104.96988,82255420,"Park Sedona, 1245, Humboldt Street, Humboldt Street Historic District, Denver, Denver County, Colorado, 80218, United States of America"
3728,39.73516,-104.98353999999999,249478930,"Gotham City Condos, 1196, Grant Street, Capitol Hill, Denver, Denver County, Colorado, 80203, United States of America"
3729,39.75562,-105.00177,438886213,"The Grand North Tower, 1777, Chestnut Place, Union Station, Denver, Denver County, Colorado, 80202, United States of America"
3730,39.76993,-104.97873999999999,234482578,"3440, Brighton Boulevard, Five Points, Denver, Denver County, Colorado, 80216, United States of America"
3731,39.69942,-104.9318,468372996,"965, South Dahlia Street, Glendale, Arapahoe County, Colorado, 80246, United States of America"
3732,39.727270000000004,-104.97868999999999,11378182,"722, East 7th Avenue, Capitol Hill, Denver, Denver County, Colorado, 80203, United States of America"
3733,39.73887,-104.95653999999999,290712545,"1423, Elizabeth Street, Swallow Hill Historic District, Denver, Denver County, Colorado, 80206, United States of America"
3734,39.74736,-104.96152,134595854,"2009, Gaylord Street, City Park West, Denver, Denver County, Colorado, 80205, United States of America"
3735,39.78557,-105.00613,449441459,"4960, Pecos Street, Chaffee Park, Denver, Denver County, Colorado, 80221, United States of America"
3736,39.77537,-105.00698999999999,381214833,"1723, West 43rd Avenue, Sunnyside, Denver, Denver County, Colorado, 80211, United States of America"
3737,39.756159999999994,-105.00438,259970598,"1648, Little Raven Street, Riverfront, Denver, Denver County, Colorado, 80202, United States of America"
3738,39.75824,-105.00398,190431798,"1800, Little Raven Street, Riverfront, Denver, Denver County, Colorado, 80202, United States of America"
3739,39.72828,-104.98178,443078619,"Governor's Residence at the Boettcher Mansion, 400, East 8th Avenue, Capitol Hill, Denver, Denver County, Colorado, 80203, United States of America"
3740,39.72005,-104.98826000000001,117089029,"277, Broadway, Sherman Street Historic District, Denver, Denver County, Colorado, 80203, United States of America"
3741,39.75351,-105.02197,364880232,"2488, Decatur Street, Jefferson Park, Denver, Denver County, Colorado, 80211, United States of America"
3742,39.74157,-105.04032,481608610,"4091, West Conejos Place, Sloans, Denver, Denver County, Colorado, 80204, United States of America"
3743,39.74132,-105.04786999999999,216979601,"1555, Winona Court, West Colfax, Denver, Denver County, Colorado, 80204, United States of America"
3744,39.71972,-104.89183999999999,478283331,"The Denver Hospice, 8299, East Lowry Boulevard, Denver, Denver County, Colorado, 80230, United States of America"
3745,39.740590000000005,-105.03868,51395228,"3921, West Colfax Avenue, West Colfax, Denver, Denver County, Colorado, 80204, United States of America"
3746,39.729929999999996,-104.98183999999999,4301502,"888, Logan Street, Capitol Hill, Denver, Denver County, Colorado, 80203, United States of America"
3747,39.73666,-104.95886000000002,182805193,"1275, Josephine Street, Alamo Placita, Denver, Denver County, Colorado, 80206, United States of America"
3748,39.74027,-105.04075,117260517,"4100, West Colfax Avenue, West Colfax, Denver, Denver County, Colorado, 80204, United States of America"
3749,39.739709999999995,-105.05193999999999,480893314,"1464, Zenobia Street, West Colfax, Denver, Denver County, Colorado, 80204, United States of America"
3750,39.76193,-105.01451000000002,402582164,"3161, Wyandot Street, Highland, Denver, Denver County, Colorado, 80211, United States of America"
3751,39.7613,-105.01523999999999,434888751,"2331, West 31st Avenue, Highland, Denver, Denver County, Colorado, 80211, United States of America"
3752,39.73446,-104.97973999999999,38098326,"The Pearl Apartments, 1136, Pearl Street, Capitol Hill, Denver, Denver County, Colorado, 80203, United States of America"
3753,39.73144,-104.98102,351596463,"Courtyard Townhomes, 960, Pennsylvania Street, Capitol Hill, Denver, Denver County, Colorado, 80203, United States of America"
3754,39.782340000000005,-104.80216,79562586,"Kittredge Street, Denver, Denver County, Colorado, 80239, United States of America"
3755,39.75443,-105.00211999999999,201994268,"Union Station Bus Concourse, Wewatta Street, 16th Street Mall, Denver, Denver County, Colorado, 80202, United States of America"
3756,39.75659,-105.00136,408151296,"Alta City House, 1801, Chestnut Place, Union Station, Denver, Denver County, Colorado, 80202, United States of America"
3757,39.7185,-104.97673999999999,119294018,"903, East 1st Avenue, Alamo Placita, Denver, Denver County, Colorado, 80203, United States of America"
3758,39.77617,-104.73665,444116643,"4348, Orleans Court, Green Valley Ranch, Denver, Denver County, Colorado, 80249, United States of America"
3759,39.75716,-104.98161,162588408,"2656, Curtis Street, Five Points, Denver, Denver County, Colorado, 80205, United States of America"
3760,39.73359,-104.97025,140452484,"Lafayette Towers East, 1090, East 11th Avenue, Humboldt Street Historic District, Denver, Denver County, Colorado, 80218, United States of America"
3761,39.68466,-105.01743,255448039,"2547, West Colorado Avenue, Ruby Hill, College View, Denver, Denver County, Colorado, 80219, United States of America"
3762,39.72638,-104.95688999999999,18491057,"643, Elizabeth Street, Alamo Placita, Denver, Denver County, Colorado, 80206, United States of America"
3763,39.723490000000005,-104.99058000000001,215708519,"456, Bannock Street, Baker, Denver, Denver County, Colorado, 80204, United States of America"
3764,39.742290000000004,-104.96663000000001,314620934,"1636, Gilpin Street, City Park West, Denver, Denver County, Colorado, 80218, United States of America"
3765,39.75385,-105.02561999999999,161987520,"2505, Federal Boulevard, Witter-Cofield Historic District, Denver, Denver County, Colorado, 80211, United States of America"
3766,39.75538,-104.9996,94910930,"Union Tower West, 1801, Wewatta Street, Union Station, Denver, Denver County, Colorado, 80202, United States of America"
3767,39.75327,-105.00085,39386405,"Denver Union Station Train Hall, 1701, Wynkoop Street, 16th Street Mall, Denver, Denver County, Colorado, 80202, United States of America"
3768,39.72258,-104.9958,144557835,"534, West 4th Avenue, Baker, Denver, Denver County, Colorado, 80223, United States of America"
3769,39.73919,-104.94528000000001,25814588,"Cerebral Brewing, Monroe Street, Denver, Denver County, Colorado, 80206, United States of America"
3770,39.76104,-104.9835,123447362,"2800, Walnut Street, Five Points, Denver, Denver County, Colorado, 80205, United States of America"
3771,39.75318,-104.99923000000001,35632816,"Streetcar Stables Lofts, 1700, Wynkoop Street, 16th Street Mall, Denver, Denver County, Colorado, 80202, United States of America"
3772,39.733129999999996,-105.05536000000001,304442824,"5389, West 10th Avenue, Spivak, Lakewood, Jefferson County, Colorado, 80214, United States of America"
3773,39.718140000000005,-104.97488,263098632,"La Fonda Apartments, 99, Corona Street, Country Club Towers and Gardens, Denver, Denver County, Colorado, 80218, United States of America"
3774,39.75591,-105.00256999999999,360451319,"Union Station/LoDo/Coors Field, Light Rail Plaza, 16th Street Mall, Denver, Denver County, Colorado, United States of America"
3775,39.7344,-104.93833000000001,311277180,"Hale Parkway, Denver, Denver County, Colorado, 80262, United States of America"
3776,39.73807,-104.99354,244650913,"Denver Justice Center Parking Garage, 450, West 14th Avenue, Golden Triangle, Denver, Denver County, Colorado, 80204, United States of America"
3777,39.77613,-105.04688,323918277,"4370, Winona Court, Berkeley, Denver, Denver County, Colorado, 80212, United States of America"
3778,39.741209999999995,-104.90274,172020875,"1559, Quince Street, Denver, Denver County, Colorado, 80220, United States of America"
3779,39.76741,-105.05072,432740405,"3712, Yates Street, West Highland, Denver, Denver County, Colorado, 80212, United States of America"
3780,39.777770000000004,-104.77775,257897002,"Walden Street, Denver, Denver County, Colorado, 80011-3316, United States of America"
3781,39.71926,-104.89267,222828695,"Lowry Medical Plaza, 8111, East Lowry Boulevard, Denver, Denver County, Colorado, 80230, United States of America"
3782,39.748940000000005,-104.99786999999999,113539448,"Larimer Place Condos, 1551, Larimer Street, 16th Street Mall, Denver, Denver County, Colorado, 80202, United States of America"
3783,39.76341,-104.97061000000001,394847828,"3302, Lafayette Street, Cole, Denver, Denver County, Colorado, 80205, United States of America"
3784,39.6584,-104.84902,349243243,"3257, South Parker Road, Aurora, Arapahoe County, Colorado, 80014, United States of America"
3785,39.686,-105.02328999999999,32909072,"2847, West Mexico Avenue, Ruby Hill, College View, Denver, Denver County, Colorado, 80219, United States of America"
3786,39.72215,-105.03375,355092581,"Savio House, 325, King Street, Barnum, Denver, Denver County, Colorado, 80219, United States of America"
3787,39.76526,-104.96218,92457815,"3438, Vine Street, Cole Neighborhood Historic District, Denver, Denver County, Colorado, 80205, United States of America"
3788,39.73758,-104.97531000000001,174357893,"La Hoya Apartments, 1341, Ogden Street, Capitol Hill, Denver, Denver County, Colorado, 80218, United States of America"
3789,39.75335,-105.0247,292152528,"2940, West 25th Avenue, Jefferson Park, Denver, Denver County, Colorado, 80211, United States of America"
3790,39.724579999999996,-104.99659,140192705,"Alliance Française de Denver (AFD), Galapago Street, Baker, Denver, Denver County, Colorado, 80273, United States of America"
3791,39.75569,-104.98453,251889474,"2485, Curtis Street, Five Points, Denver, Denver County, Colorado, 80205, United States of America"
3792,39.753640000000004,-105.00554,161819358,"Historic Moffat Station, 2101, 15th Street, Riverfront, Denver, Denver County, Colorado, 80202, United States of America"
3793,39.770379999999996,-105.01388999999999,156765539,"3857, Vallejo Street, Sunnyside, Denver, Denver County, Colorado, 80211, United States of America"
3794,39.771229999999996,-104.99978,309938911,"3939, Jason Street, Sunnyside, Denver, Denver County, Colorado, 80211, United States of America"
3795,39.753820000000005,-104.97175,110963328,"2530, Marion Street, Whittier, Denver, Denver County, Colorado, 80205, United States of America"
3796,39.76335,-104.98799,301731676,"Post River North, 1859, 28th Street, Denargo Market, Denver, Denver County, Colorado, 80216, United States of America"
3797,39.728320000000004,-105.00098999999999,254129238,"740, Lipan Street, Lincoln Park, Denver, Denver County, Colorado, 80204, United States of America"
3798,39.70393,-104.88507,333034087,"Windsor West (common), High Line Canal Regional Trail, Denver, Denver County, Colorado, 80247-2121, United States of America"
3799,39.77228,-105.05218,71035539,"3961, Zenobia Street, Berkeley, Denver, Denver County, Colorado, 80212, United States of America"
3800,39.769,-104.96432,378810866,"3738, High Street, Cole, Denver, Denver County, Colorado, 80205, United States of America"
3801,39.73757,-104.95451000000001,103777627,"1343, Detroit Street, Denver, Denver County, Colorado, 80206, United States of America"
3802,39.73573,-104.95711000000001,337404328,"1234, Columbine Street, Swallow Hill Historic District, Denver, Denver County, Colorado, 80206, United States of America"
3803,39.79056,-104.8414,303215842,"5260, Troy Street, Montebello, Denver, Denver County, Colorado, 80239, United States of America"
3804,39.716229999999996,-104.98201999999999,234520638,"14, South Logan Street, Alamo Placita, Denver, Denver County, Colorado, 80209, United States of America"
3805,39.757909999999995,-105.00193999999999,52363210,"The Manhattan Lofts, 1851, Bassett Street, Riverfront, Denver, Denver County, Colorado, 80202, United States of America"
3806,39.72923,-104.99863,299291555,"801, Santa Fe Drive, Santa Fe Arts District, Denver, Denver County, Colorado, 80204, United States of America"
3807,39.66622,-104.91635,232902114,"2755 South Modern Offices, 2755, South Locust Street, Denver, Denver County, Colorado, 80222, United States of America"
3808,39.741009999999996,-104.90241999999999,358005373,"1547, Quince Street, Denver, Denver County, Colorado, 80220, United States of America"
3809,39.67549,-104.93333,154214586,"2265, South Dexter Street, Denver, Denver County, Colorado, 80222, United States of America"
3810,39.76331,-105.00363,441769895,"3323, Mariposa Street, Highland, Denver, Denver County, Colorado, 80211, United States of America"
3811,39.7525,-105.00585,66903649,"Creekside Lofts, 1440, Little Raven Street, Riverfront, Denver, Denver County, Colorado, 80202, United States of America"
3812,39.79568,-104.77574,404798971,"East 54th Avenue, Denver, Denver County, Colorado, 80019, United States of America"
3813,39.737829999999995,-104.9641,179427478,"1349, Race Street, Cheesman Park, Denver, Denver County, Colorado, 80206, United States of America"
3814,39.69416,-104.98436000000001,454504031,"McKinley-Thatcher School, South Grant Street, Platt Park, College View, Denver, Denver County, Colorado, 80209, United States of America"
3815,39.77081,-104.7553,75176805,"19887, East 40th Avenue, Green Valley Ranch, Denver, Denver County, Colorado, 80249, United States of America"
3816,39.774359999999994,-105.00133999999998,61115070,"4202, Lipan Street, Sunnyside, Denver, Denver County, Colorado, 80211, United States of America"
3817,39.76212,-105.01616999999999,192110298,"Weir Building, 2401, West 32nd Avenue, Highland, Denver, Denver County, Colorado, 80211, United States of America"
3818,39.72014,-104.89523,173825603,"Boeing B-52B, East Academy Boulevard, Denver, Denver County, Colorado, 80230, United States of America"
3819,39.71151,-104.98781000000001,306755060,"295, South Broadway, Baker, Denver, Denver County, Colorado, 80209, United States of America"
3820,39.75586,-104.89546999999999,49311891,"2739, Tamarac Street, Sandown, Denver, Denver County, Colorado, 80238, United States of America"
3821,39.6859,-105.01722,219776064,"Garden Park Mennonite Brethren Church, West Mexico Avenue, Ruby Hill, College View, Denver, Denver County, Colorado, 80219, United States of America"
3822,39.71917,-105.02472,196723061,"138, Federal Boulevard, Valverde, Denver, Denver County, Colorado, 80219, United States of America"
3823,39.75466,-105.00248,121694032,"16 Chestnut, 1600, Chestnut Place, 16th Street Mall, Denver, Denver County, Colorado, 80202, United States of America"
3824,39.71305,-104.9941,407290398,"IMT Alameda Station Dog Run, West Cedar Avenue, Baker, Denver, Denver County, Colorado, 80223, United States of America"
3825,39.75996,-104.90743,85121834,"6962, East 30th Avenue, North Park HIll, Denver, Denver County, Colorado, 80207, United States of America"
3826,39.7616,-105.03645,313849979,"3116, Newton Street, West Highland, Denver, Denver County, Colorado, 80211, United States of America"
3827,39.75993,-105.0074,220624720,"1755, Central Street, Highland, Denver, Denver County, Colorado, 80211, United States of America"
3828,39.795,-104.89461999999999,338898703,"8113, East 53rd Drive, Denver, Denver County, Colorado, 80238, United States of America"
3829,39.73113,-104.99565,216302747,"West Denver High School, 951, Elati Street, Lincoln Park, Denver, Denver County, Colorado, 80204, United States of America"
3830,39.693979999999996,-104.97476,125227744,"1235, South Corona Street, Alamo Placita, Denver, Denver County, Colorado, 80210, United States of America"
3831,39.77049,-105.01387,102029076,"2222, West 39th Avenue, Sunnyside, Denver, Denver County, Colorado, 80211, United States of America"
3832,39.7553,-105.00268999999999,83679566,"Chestnut Pavilion, Light Rail Plaza, 16th Street Mall, Denver, Denver County, Colorado, United States of America"
3833,39.73573,-105.04982,184920826,"4828, West 13th Avenue, West Colfax, Denver, Denver County, Colorado, 80204, United States of America"
3834,39.73708,-105.05057,215142486,"1316, Yates Street, West Colfax, Denver, Denver County, Colorado, 80204, United States of America"
3835,39.733579999999996,-104.97641000000002,331232207,"1100, Emerson Street, Capitol Hill, Denver, Denver County, Colorado, 80218, United States of America"
3836,39.73787,-104.99578999999999,57514193,"TriVista on Speer, 1350, Speer Boulevard, Golden Triangle, Denver, Denver County, Colorado, 80204, United States of America"
3837,39.696940000000005,-104.88288,254811217,"9075, East Mississippi Avenue, Denver, Denver County, Colorado, 80247, United States of America"
3838,39.797579999999996,-104.74396999999999,373871905,"20942, East Randolph Place, Green Valley Ranch, Denver, Denver County, Colorado, 80249, United States of America"
3839,39.75716,-105.02963000000001,93431957,"3242, West 28th Avenue, Sloan Lake, Denver, Denver County, Colorado, 80211, United States of America"
3840,39.70425,-105.01857,169986209,"685, South Bryant Street, Valverde, College View, Denver, Denver County, Colorado, 80219, United States of America"
3841,39.75667,-105.04231999999999,63991853,"4258, West 27th Avenue, Sloan Lake, Denver, Denver County, Colorado, 80212, United States of America"
3842,39.75042,-104.97805,349971287,"2246, Washington Street, Five Points, Denver, Denver County, Colorado, 80205, United States of America"
3843,39.748979999999996,-104.98095,450754541,"2215, Court Place, Five Points, Denver, Denver County, Colorado, 80205, United States of America"
3844,39.70139,-104.9059,384577798,"7096, East Ohio Drive, Denver, Denver County, Colorado, 80224, United States of America"
3845,39.726490000000005,-104.95748999999999,27259143,"648, Columbine Street, Alamo Placita, Denver, Denver County, Colorado, 80206, United States of America"
3846,39.69409,-104.93682,115460738,"1252, South Bellaire Street, Glendale, Denver County, Colorado, 80246, United States of America"
3847,39.72075,-105.02448000000001,124738299,"2942, West 3rd Avenue, Valverde, Denver, Denver County, Colorado, 80219, United States of America"
3848,39.75522,-105.00079,303585329,"Union Denver, 1770, Chestnut Place, Union Station, Denver, Denver County, Colorado, 80202, United States of America"
3849,39.75399,-105.03939,207346314,"3939, West 25th Avenue, Sloan Lake, Denver, Denver County, Colorado, 80212, United States of America"
3850,39.68042,-104.98552,240473126,"181, East Asbury Avenue, Platt Park, College View, Denver, Denver County, Colorado, 80210, United States of America"
3851,39.76089,-104.96243,176365109,"3115, Vine Street, Cole Neighborhood Historic District, Denver, Denver County, Colorado, 80205, United States of America"
3852,39.767509999999994,-104.96954,279468890,"3626, Humboldt Street, Cole, Denver, Denver County, Colorado, 80205, United States of America"
3853,39.77695,-105.01303999999999,431703976,"4424, Vallejo Street, Sunnyside, Denver, Denver County, Colorado, 80211, United States of America"
3854,39.75506,-105.00036000000001,383234159,"Pure Barre, 1750, Wewatta Street, Union Station, Denver, Denver County, Colorado, 80202, United States of America"
3855,39.73129,-104.98584,156206532,"940, Lincoln Street, Capitol Hill, Denver, Denver County, Colorado, 80203, United States of America"
3856,39.7604,-105.04143,48289953,"4141, West 30th Avenue, West Highland, Denver, Denver County, Colorado, 80212, United States of America"
3857,39.74543,-104.9937,263351990,"Rio Grande & A.T. Lewis Lofts, 1531, Stout Street, Central Business District, Denver, Denver County, Colorado, 80202, United States of America"
3858,39.74516,-104.9942,27700053,"15th and Stout Hotel, 801, 15th Street, Central Business District, Denver, Denver County, Colorado, 80202, United States of America"
3859,39.72619,-105.02138000000001,133256118,"West 6th Avenue Freeway, Sun Valley, Denver, Denver County, Colorado, 80219-1535, United States of America"
3860,39.77468,-104.76159,162934477,"High Line Canal Trail, Green Valley Ranch, Denver, Denver County, Colorado, 80011-3316, United States of America"
3861,39.70735,-104.9554,215721003,"1, Polo Club Lane, Denver, Denver County, Colorado, 80209, United States of America"
3862,39.74703,-105.02841000000001,201635641,"1925, Hooker Street, Townview Community Apartments, Denver, Denver County, Colorado, 80204, United States of America"
3863,39.692859999999996,-104.98661000000001,389996154,"Palenque Mezcaleria, 13, East Louisiana Avenue, Platt Park, College View, Denver, Denver County, Colorado, 80209, United States of America"
3864,39.77296,-105.05138999999998,190910845,"5017, West 41st Avenue, Tennyson Street Cultural District, Mountain View, Denver County, Colorado, 80212, United States of America"
3865,39.79457,-104.77606,316085427,"East 54th Avenue, Denver, Denver County, Colorado, 80019, United States of America"
3866,39.803020000000004,-104.77005,448918664,"Denver, Denver County, Colorado, 80019, United States of America"
3867,39.74338,-104.97806000000001,383336643,"719, East 17th Avenue, North Capitol Hill, Denver, Denver County, Colorado, 80203, United States of America"
3868,39.7338,-104.89145,75052914,"1137, Verbena Street, Denver, Denver County, Colorado, 80220, United States of America"
3869,39.71665,-104.94238999999999,120352156,"22, Jackson Street, Denver, Denver County, Colorado, 80206, United States of America"
3870,39.64002,-104.89128999999998,440324498,"4121, South Valentia Street, Denver, Denver County, Colorado, 80237, United States of America"
3871,39.64151,-104.89201000000001,319450548,"4000, South Uinta Street, Denver, Denver County, Colorado, 80237, United States of America"
3872,39.75169,-104.97823999999999,283491514,"2353, Washington Street, Five Points, Denver, Denver County, Colorado, 80205, United States of America"
3873,39.75567,-104.97547,424296073,"501, 28th Street, Five Points, Denver, Denver County, Colorado, 80205, United States of America"
3874,39.76547,-105.00998999999999,109306437,"3459, Shoshone Street, Highland, Denver, Denver County, Colorado, 80211, United States of America"
3875,39.75018,-104.98366000000001,395345534,"Alexan Arapahoe Square, 2200, Welton Street, Five Points, Denver, Denver County, Colorado, 80205, United States of America"
3876,39.6451,-104.9164,59345715,"3882, South Jasmine Street, Cherry Ridge, Cherry Hills Village, Denver County, Colorado, 80237, United States of America"
3877,39.7575,-104.98571000000001,148930710,"2515, Lawrence Street, Five Points, Denver, Denver County, Colorado, 80205, United States of America"
3878,39.68376,-104.97483999999999,155283059,"1090, East Colorado Avenue, Platt Park, College View, Denver, Denver County, Colorado, 80210, United States of America"
3879,39.72782,-104.93521000000001,405800348,"719, Clermont Street, Denver, Denver County, Colorado, 80220, United States of America"
3880,39.6604,-104.96467,258514963,"2111, East Dartmouth Avenue, Englewood, Arapahoe County, Colorado, 80210, United States of America"
3881,39.63982,-104.88373999999999,75270570,"9001, East Oxford Drive, Cherry Creek III Town Homes, Denver, Denver County, Colorado, 80237, United States of America"
3882,39.74135,-104.91103999999999,93737468,"6654, East 16th Avenue, South Park Hill, Denver, Denver County, Colorado, 80220, United States of America"
3883,39.79306,-104.77601999999999,260178428,"East Elmendorf Drive, Green Valley Ranch, Denver, Denver County, Colorado, 80019, United States of America"
3884,39.794959999999996,-104.77656999999999,18197362,"East 54th Avenue, Denver, Denver County, Colorado, 80019, United States of America"
3885,39.73983,-105.02852,237056421,"Mile High Apartments, 3200, West Colfax Avenue, West Colfax, Denver, Denver County, Colorado, 80204, United States of America"
3886,39.73917,-104.96061,382946704,"1440, Gaylord Street, Cheesman Park, Denver, Denver County, Colorado, 80206, United States of America"
3887,39.75227,-105.04801,137947609,"Sloan's Lake, West 24th Avenue, Sloan Lake, Denver, Denver County, Colorado, 80212, United States of America"
3888,39.768,-105.03886999999999,257924768,"3720, Perry Street, West Highland, Denver, Denver County, Colorado, 80212, United States of America"
3889,39.751290000000004,-104.97366000000001,24461107,"2333, Downing Street, San Rafael Historic District, Denver, Denver County, Colorado, 80205, United States of America"
3890,39.7557,-105.0026,161471118,"Union Station/LoDo/Coors Field, Light Rail Plaza, 16th Street Mall, Denver, Denver County, Colorado, United States of America"
3891,39.71996,-105.04863999999999,472778981,"188, Xavier Street, Barnum West, Denver, Denver County, Colorado, 80219, United States of America"
3892,39.733290000000004,-104.97893,288306894,"1071, Washington Street, Capitol Hill, Denver, Denver County, Colorado, 80203, United States of America"
3893,39.74432,-104.99484,307673818,"1420, Stout Street, Central Business District, Denver, Denver County, Colorado, 80202, United States of America"
3894,39.785059999999994,-104.76191,137808089,"4881, North Dunkirk Street, Green Valley Ranch, Denver, Denver County, Colorado, 80249, United States of America"
3895,39.80232,-104.76974,256287508,"Wildhorse Ridge, Denver, Denver County, Colorado, 80019, United States of America"
3896,39.75312,-105.05487,433865872,"Edgewater Inn, 5302, West 25th Avenue, Edgewater, Denver County, Colorado, 80214, United States of America"
3897,39.76212,-104.95512,243434590,"3211, Clayton Street, Skyland, Denver, Denver County, Colorado, 80205, United States of America"
3898,39.78654,-105.04056000000001,62312551,"4967, Quitman Street, Regis, Denver, Denver County, Colorado, 80212, United States of America"
3899,39.69634,-104.98199,74529649,"South Valley Highway, Denver, Denver County, Colorado, 80209, United States of America"
