,latitude,longitude,key,address
1500,39.77324,-105.00763,1486943,"4114, Quivas Street, Sunnyside, Denver, Denver County, Colorado, 80211, United States of America"
1501,39.761309999999995,-105.01661999999999,270159815,"2435, West Argyle Place, Scottish Highland Historic District, Denver, Denver County, Colorado, 80211, United States of America"
1502,39.678909999999995,-104.95741000000001,442977549,"2080, South Josephine Street, Denver, Denver County, Colorado, 80210, United States of America"
1503,39.73395,-104.95038999999998,168334482,"1112, Saint Paul Street, Denver, Denver County, Colorado, 80206, United States of America"
1504,39.72059,-104.91126000000001,2813812,"288, Magnolia Street, Denver, Denver County, Colorado, 80220, United States of America"
1505,39.73346,-105.00265,431567860,"1070, Mariposa Street, Lincoln Park, Denver, Denver County, Colorado, 80204, United States of America"
1506,39.748709999999996,-105.02089,308872992,"2725, West 21st Avenue, Jefferson Park, Denver, Denver County, Colorado, 80211, United States of America"
1507,39.753890000000006,-104.88354,248184554,"9003, East 25th Drive, Denver, Denver County, Colorado, 80238, United States of America"
1508,39.7707,-105.01425,447731268,"3900, Wyandot Street, Sunnyside, Denver, Denver County, Colorado, 80211, United States of America"
1509,39.73126,-104.99751,183201855,"932, Inca Street, Lincoln Park, Denver, Denver County, Colorado, 80204, United States of America"
1510,39.73162,-104.94253,269612359,"960, Jackson Street, Denver, Denver County, Colorado, 80206, United States of America"
1511,39.73515,-104.98588000000001,216664012,"1160, Lincoln Street, Capitol Hill, Denver, Denver County, Colorado, 80203, United States of America"
1512,39.789359999999995,-104.88597,170160090,"50th Drive, Denver, Denver County, Colorado, 80266, United States of America"
1513,39.78915,-105.01715,438891693,"5095, Alcott Street, Chaffee Park, Berkley, Denver County, Colorado, 80221, United States of America"
1514,39.74796,-104.97455,471466791,"2018, Ogden Street, Five Points, Denver, Denver County, Colorado, 80205, United States of America"
1515,39.76732,-104.88161000000001,197695284,"9059, East 37th Avenue, Sandown, Denver, Denver County, Colorado, 80238, United States of America"
1516,39.772659999999995,-104.96746999999999,312922754,"West Spur, Cole, Denver, Denver County, Colorado, 80205, United States of America"
1517,39.76607,-105.02668999999999,297220681,"3050, West 36th Avenue, West Highland, Denver, Denver County, Colorado, 80211, United States of America"
1518,39.78269,-105.01616999999999,478280328,"4737, Zuni Street, Sunnyside, Denver, Denver County, Colorado, 80211, United States of America"
1519,39.76095,-104.99847,276934928,"X Denver, 3100, Inca Street, Five Points, Denver, Denver County, Colorado, 80202, United States of America"
1520,39.74933,-104.98246,124159842,"Polaris At Ebert Elementary School, 410, Park Avenue West, Five Points, Denver, Denver County, Colorado, 80205, United States of America"
1521,39.70254,-104.97631000000001,360217214,"777, South Ogden Street, Alamo Placita, Denver, Denver County, Colorado, 80209, United States of America"
1522,39.702329999999996,-104.97441,397553147,"Epiphany Lutheran Church, East Ohio Avenue, Alamo Placita, Denver, Denver County, Colorado, 80209, United States of America"
1523,39.7023,-104.97603000000001,421765325,"785, South Ogden Street, Alamo Placita, Denver, Denver County, Colorado, 80209, United States of America"
1524,39.73729,-105.00141,127425466,"1314, Lipan Street, Lincoln Park, Denver, Denver County, Colorado, 80204, United States of America"
1525,39.74095,-104.97166999999999,328107167,"1554, Marion Street, City Park West, Denver, Denver County, Colorado, 80218, United States of America"
1526,39.74199,-105.03667,431981299,"1564, Newton Street, West Colfax, Denver, Denver County, Colorado, 80204, United States of America"
1527,39.69319,-105.01025,367254545,"1877, West Louisiana Avenue, Ruby Hill, College View, Denver, Denver County, Colorado, 80223, United States of America"
1528,39.75871,-104.97346999999999,214870606,"30th & Downing Station, California Street, Five Points, Denver, Denver County, Colorado, 80205, United States of America"
1529,39.73813,-104.96903,413755268,"1512, East 14th Avenue, Cheesman Park, Denver, Denver County, Colorado, 80218, United States of America"
1530,39.74597,-104.97936000000001,348563453,"601, East 19th Avenue, North Capitol Hill, Denver, Denver County, Colorado, 80203, United States of America"
1531,39.7621,-105.03549,434770171,"3630, West 32nd Avenue, West Highland, Denver, Denver County, Colorado, 80211, United States of America"
1532,39.76488,-105.03567,59203604,"3344, Meade Street, West Highland, Denver, Denver County, Colorado, 80211, United States of America"
1533,39.75606,-105.03903000000001,301413148,"2666, Perry Street, West Highland, Denver, Denver County, Colorado, 80212, United States of America"
1534,39.69269,-105.03303999999999,414436886,"3485, West Louisiana Avenue, Ruby Hill, College View, Denver, Denver County, Colorado, 80219, United States of America"
1535,39.73253,-104.9303,92790069,"Hale Parkway, Denver, Denver County, Colorado, 80262, United States of America"
1536,39.72888,-104.90078000000001,211143114,"Denver, Denver County, Colorado, 80230, United States of America"
1537,39.779109999999996,-105.02485,113351408,"4532, Federal Boulevard, Sunnyside, Denver, Denver County, Colorado, 80211, United States of America"
1538,39.75121,-105.01923000000001,64264054,"2554, West 23rd Avenue, Jefferson Park, Denver, Denver County, Colorado, 80211, United States of America"
1539,39.71334,-104.97403,60906178,"174, South Corona Street, Country Club Towers and Gardens, Denver, Denver County, Colorado, 80209, United States of America"
1540,39.716770000000004,-105.03882,177551124,"1, Osceola Street, Barnum, Denver, Denver County, Colorado, 80219, United States of America"
1541,39.73466,-104.97062,184510737,"1144, Lafayette Street, Cheesman Park, Denver, Denver County, Colorado, 80218, United States of America"
1542,39.79019,-105.01422,444398989,"5140, Vallejo Street, Chaffee Park, Berkley, Denver County, Colorado, 80221, United States of America"
1543,39.67988,-104.98241999999999,144343937,"1970, South Logan Street, Platt Park, College View, Denver, Denver County, Colorado, 80210, United States of America"
1544,39.76425,-104.94421000000001,9396850,"3670, East Bruce Randolph Avenue, Clayton, Denver, Denver County, Colorado, 80205, United States of America"
1545,39.68776,-104.97875,362992228,"656, East Iowa Avenue, Platt Park, College View, Denver, Denver County, Colorado, 80210, United States of America"
1546,39.76556,-104.94384,277773182,"3497, Garfield Street, Clayton, Denver, Denver County, Colorado, 80205, United States of America"
1547,39.716190000000005,-105.01879,84221361,"35, South Bryant Street, Valverde, Denver, Denver County, Colorado, 80219, United States of America"
1548,39.76527,-104.93518,366749008,"Golf Driving Range, East 35th Avenue, Denver, Denver County, Colorado, 80207, United States of America"
1549,39.780609999999996,-104.83888,258262129,"McGlone Elementary School, 4500, Crown Boulevard, Montebello, Denver, Denver County, Colorado, 80239, United States of America"
1550,39.713640000000005,-104.94214,204375005,"170, South Jackson Street, Denver, Denver County, Colorado, 80209, United States of America"
1551,39.73409,-104.97345,407079537,"1121, Downing Street, Swallow Hill Historic District, Denver, Denver County, Colorado, 80218, United States of America"
1552,39.788070000000005,-105.04356999999999,364232397,"5036, Tennyson Street, Regis, Denver, Denver County, Colorado, 80212, United States of America"
1553,39.72784,-104.94428,340865009,"721, Garfield Street, Denver, Denver County, Colorado, 80206, United States of America"
1554,39.70851,-105.00573,119429928,"1379, West Alaska Place, Athmar Park, College View, Denver, Denver County, Colorado, 80223, United States of America"
1555,39.71894,-104.91778000000001,333696481,"South Jasmine Street, Denver, Denver County, Colorado, 80220, United States of America"
1556,39.77278,-105.0094,437205493,"4058, Shoshone Street, Sunnyside, Denver, Denver County, Colorado, 80211, United States of America"
1557,39.71752,-104.98281000000001,169360760,"63, South Logan Street, Alamo Placita, Denver, Denver County, Colorado, 80203, United States of America"
1558,39.75885,-104.88451,333877220,"East 29th Place, Sandown, Denver, Denver County, Colorado, 89238, United States of America"
1559,39.75298,-104.99116000000001,247163950,"2041, Lawrence Street, Five Points, Denver, Denver County, Colorado, 80205, United States of America"
1560,39.73761,-104.97138000000001,142884970,"1334, Marion Street, Cheesman Park, Denver, Denver County, Colorado, 80218, United States of America"
1561,39.720259999999996,-104.98256,72184866,"234, Logan Street, Alamo Placita, Denver, Denver County, Colorado, 80203, United States of America"
1562,39.77778,-105.02984,221807535,"4460, Irving Street, Grandview, Denver, Denver County, Colorado, 80211, United States of America"
1563,39.64626,-104.91735,70339589,"3803, South Jasmine Street, Cherry Ridge, Cherry Hills Village, Denver County, Colorado, 80237, United States of America"
1564,39.78052,-105.05248999999999,339133324,"5050, West 46th Avenue, Berkeley, Denver, Denver County, Colorado, 80212, United States of America"
1565,39.74941,-104.88302,390370912,"Denver Police Academy, Akron Way, Denver, Denver County, Colorado, 89238, United States of America"
1566,39.74327,-104.97706000000001,181138595,"Bank of Denver, 800, East 17th Avenue, North Capitol Hill, Denver, Denver County, Colorado, 80218, United States of America"
1567,39.73381,-104.97587,471951608,"931, East 11th Avenue, Capitol Hill, Denver, Denver County, Colorado, 80218, United States of America"
1568,39.68284,-104.98262,183312738,"1868, South Logan Street, Platt Park, College View, Denver, Denver County, Colorado, 80210, United States of America"
1569,39.75388,-104.99883999999999,340500947,"IMA Financial Plaza, 1705, 17th Street, Lower Downtown, Denver, Denver County, Colorado, 80202, United States of America"
1570,39.74458,-104.99585,308222601,"Spire, 891, 14th Street, Central Business District, Denver, Denver County, Colorado, 80202, United States of America"
1571,39.77183,-104.98201,287440812,"Taxi I, 3455, Ringsby Court, Globeville, Denver, Denver County, Colorado, 80216, United States of America"
1572,39.76732,-104.96621999999999,149940664,"3615, Williams Street, Cole, Denver, Denver County, Colorado, 80205, United States of America"
1573,39.75629,-104.98561000000001,94613541,"University Prep – Arapahoe Street, 2409, Arapahoe Street, Five Points, Denver, Denver County, Colorado, 80205, United States of America"
1574,39.73466,-104.9809,199885215,"Capitol Hill, Denver, Denver County, Colorado, United States of America"
1575,39.70362,-104.9781,283368223,"711, South Clarkson Street, Alamo Placita, Denver, Denver County, Colorado, 80209, United States of America"
1576,39.73211,-104.97200000000001,364464104,"Park Avenue Flats Apartments, 1222, East 10th Avenue, Humboldt Street Historic District, Denver, Denver County, Colorado, 80218, United States of America"
1577,39.77395,-105.02088,70171208,"2714, West 42nd Avenue, Sunnyside, Denver, Denver County, Colorado, 80211, United States of America"
1578,39.7379,-104.97861999999999,478910056,"Redi IV Apartments, 1365, Washington Street, Capitol Hill, Denver, Denver County, Colorado, 80203, United States of America"
1579,39.73068,-104.97353000000001,73928654,"1155, East 9th Avenue, Capitol Hill, Denver, Denver County, Colorado, 80218, United States of America"
1580,39.77977,-105.04868,409498306,"4575, Wolff Street, Berkeley, Denver, Denver County, Colorado, 80212, United States of America"
1581,39.722590000000004,-104.99343,62413039,"417, West 4th Avenue, Baker, Denver, Denver County, Colorado, 80223, United States of America"
1582,39.72078,-104.99318000000001,135620840,"279, Delaware Street, Baker, Denver, Denver County, Colorado, 80223, United States of America"
1583,39.678909999999995,-104.9575,163295460,"2080, South Josephine Street, Denver, Denver County, Colorado, 80210, United States of America"
1584,39.75581,-104.98461,480962913,"2485, Curtis Street, Five Points, Denver, Denver County, Colorado, 80205, United States of America"
1585,39.68671,-104.94245,387326593,"Safeway, South Colorado Boulevard, Denver, Denver County, Colorado, 80222, United States of America"
1586,39.7872,-105.03375,403323668,"St. John Apartments, 4993, King Street, Regis, Denver, Denver County, Colorado, 80221, United States of America"
1587,39.74606,-104.99585,155759587,"930, 15th Street, Central Business District, Denver, Denver County, Colorado, 80202, United States of America"
1588,39.74941,-104.9717,301529720,"1312, East 22nd Avenue, City Park West, Denver, Denver County, Colorado, 80205, United States of America"
1589,39.69294,-104.95926999999999,123213766,"2350, East Louisiana Avenue, Denver, Denver County, Colorado, 80210, United States of America"
1590,39.70599,-104.98503000000001,210141796,"580, South Sherman Street, Alamo Placita, Denver, Denver County, Colorado, 80209, United States of America"
1591,39.74371,-104.90553999999999,476848020,"7114, East 17th Avenue, South Park Hill, Denver, Denver County, Colorado, 80220, United States of America"
1592,39.7636,-105.01867,64470226,"2555, West 33rd Avenue, Potter Highland Historic District, Denver, Denver County, Colorado, 80211, United States of America"
1593,39.67839,-104.93848,411656356,"2100, South Ash Street, Denver, Denver County, Colorado, 80222, United States of America"
1594,39.65847,-104.92974,321364688,"3225, South Elm Street, Denver, Denver County, Colorado, 80222, United States of America"
1595,39.75757,-105.00346,99143153,"2131, 18th Street, Riverfront, Denver, Denver County, Colorado, 80202, United States of America"
1596,39.75401,-105.00771999999999,415485844,"The Confluence, 1441, Little Raven Street, Riverfront, Denver, Denver County, Colorado, 80202, United States of America"
1597,39.70674,-104.98668,443543484,"543, South Lincoln Street, Alamo Placita, Denver, Denver County, Colorado, 80209, United States of America"
1598,39.758559999999996,-104.92865,364217809,"5069, East 29th Avenue, North Park HIll, Denver, Denver County, Colorado, 80207, United States of America"
1599,39.75748,-105.03571000000001,476965262,"2736, Meade Street, Sloan Lake, Denver, Denver County, Colorado, 80211, United States of America"
1600,39.736270000000005,-105.04203999999999,190159943,"1277, Raleigh Street, West Colfax, Denver, Denver County, Colorado, 80204, United States of America"
1601,39.76213,-105.03693,280733947,"3737, West 32nd Avenue, West Highland, Denver, Denver County, Colorado, 80211, United States of America"
1602,39.735890000000005,-104.98106999999999,26005995,"1240, Pennsylvania Street, Capitol Hill, Denver, Denver County, Colorado, 80203, United States of America"
1603,39.73608,-105.00253000000001,446534411,"1238, Mariposa Street, Lincoln Park, Denver, Denver County, Colorado, 80204, United States of America"
1604,39.75375,-104.97491000000001,206006400,"2531, Ogden Street, Five Points, Denver, Denver County, Colorado, 80205, United States of America"
1605,39.74478,-104.99258999999999,1665158,"16th St & California, California Street, Central Business District, Denver, Denver County, Colorado, 80293, United States of America"
1606,39.73345,-104.97261,340049131,"1070, Downing Street, Swallow Hill Historic District, Denver, Denver County, Colorado, 80218, United States of America"
1607,39.769729999999996,-104.94417,62688684,"3697, East 38th Avenue, Clayton, Denver, Denver County, Colorado, 80205, United States of America"
1608,39.711459999999995,-104.98338999999999,137832939,"290, South Grant Street, Alamo Placita, Denver, Denver County, Colorado, 80209, United States of America"
1609,39.77576,-105.01868,115867083,"4314, Bryant Street, Sunnyside, Denver, Denver County, Colorado, 80211, United States of America"
1610,39.7326,-104.97192,475945111,"1031, Marion Street, Cheesman Park, Denver, Denver County, Colorado, 80218, United States of America"
1611,39.75289,-104.96186000000002,129974380,"2450, Vine Street, Cole Neighborhood Historic District, Denver, Denver County, Colorado, 80205, United States of America"
1612,39.72195,-104.98326000000002,232883113,"336, Grant Street, Alamo Placita, Denver, Denver County, Colorado, 80203, United States of America"
1613,39.76442,-105.04801,201083480,"4710, West 34th Avenue, West Highland, Denver, Denver County, Colorado, 80212, United States of America"
1614,39.68615,-105.02693000000001,101622836,"3139, West Mexico Avenue, Mar Lee, College View, Denver, Denver County, Colorado, 80219, United States of America"
1615,39.72365,-104.98121,244726915,"455, Pennsylvania Street, Alamo Placita, Denver, Denver County, Colorado, 80203, United States of America"
1616,39.77032,-105.03719,167466658,"3835, Newton Street, Berkeley, Denver, Denver County, Colorado, 80211, United States of America"
1617,39.78583,-105.03401000000001,27487352,"3525, West 49th Avenue, Regis, Denver, Denver County, Colorado, 80221, United States of America"
1618,39.75595,-105.00043000000001,468725691,"Ashley Union Station, 1850, Chestnut Place, Union Station, Denver, Denver County, Colorado, 80202, United States of America"
1619,39.76207,-104.96813,191437232,"1615, Martin Luther King Jr Boulevard, Curtis-Champa Streets Historic District, Denver, Denver County, Colorado, 80205, United States of America"
1620,39.78767,-105.04426000000001,39752260,"4401, West 50th Avenue, Regis, Denver, Denver County, Colorado, 80212, United States of America"
1621,39.74158,-104.97858000000001,193136072,"630, East 16th Avenue, North Capitol Hill, Denver, Denver County, Colorado, 80203, United States of America"
1622,39.69161,-105.01716,308522567,"2525, West Arkansas Avenue, Ruby Hill, College View, Denver, Denver County, Colorado, 80219, United States of America"
1623,39.801140000000004,-104.76756,36262575,"5727, Biscay Street, First Creek, Denver, Denver County, Colorado, 80249, United States of America"
1624,39.72267,-104.99472,304932311,"534, West 4th Avenue, Baker, Denver, Denver County, Colorado, 80223, United States of America"
1625,39.75345,-105.02735,58711080,"2457, Grove Street, Witter-Cofield Historic District, Denver, Denver County, Colorado, 80211, United States of America"
1626,39.71345,-104.98215,324422703,"166, South Logan Street, Alamo Placita, Denver, Denver County, Colorado, 80209, United States of America"
1627,39.76048,-104.99566999999999,277096482,"The Diamond At Prospect Apartments, 3001, Fox Street, Five Points, Denver, Denver County, Colorado, 80202, United States of America"
1628,39.743109999999994,-104.9602,204251272,"Feldman Mortuary, 1673, York Street, Swallow Hill Historic District, Denver, Denver County, Colorado, 80206, United States of America"
1629,39.750679999999996,-105.02101,42782231,"2201, Clay Street, Jefferson Park, Denver, Denver County, Colorado, 80211, United States of America"
1630,39.74477,-104.93656999999999,108506662,"4368, East 18th Avenue, South Park Hill, Denver, Denver County, Colorado, 80220, United States of America"
1631,39.76645,-104.9724,119473059,"3533, Marion Street, Cole, Denver, Denver County, Colorado, 80205, United States of America"
1632,39.67635,-104.92083999999998,172713475,"2299, East Warren Avenue, Denver, Denver County, Colorado, 80222, United States of America"
1633,39.740759999999995,-104.94106000000001,141093548,"ProWash Car Wash, 1501, Colorado Boulevard, Denver, Denver County, Colorado, 80220, United States of America"
1634,39.65869,-104.85382,256178087,"3, South Parker Road, Aurora, Arapahoe County, Colorado, 80014, United States of America"
1635,39.68339,-104.98357,358411817,"1824, South Grant Street, Platt Park, College View, Denver, Denver County, Colorado, 80210, United States of America"
1636,39.65037,-104.89441000000001,256079814,"3648, South Ulster Street, Denver, Denver County, Colorado, 80237, United States of America"
1637,39.75825,-104.97093999999998,212497551,"1423, East 29th Avenue, Whittier, Denver, Denver County, Colorado, 80205, United States of America"
1638,39.67137,-104.98839,473521014,"East Harvard Avenue, College View, Denver, Denver County, Colorado, 80113-1525, United States of America"
1639,39.75772,-105.04328999999998,62622171,"2821, Stuart Street, Sloan Lake, Denver, Denver County, Colorado, 80212, United States of America"
1640,39.74653,-104.99595,33170470,"1500, Curtis Street, 16th Street Mall, Denver, Denver County, Colorado, 80202, United States of America"
1641,39.795629999999996,-104.88005,53752487,"Northfield High School, 5500, Central Park Boulevard, Denver, Denver County, Colorado, 80238, United States of America"
1642,39.69798,-104.92558999999999,441582880,"5250, Cherry Creek South Drive, Denver, Denver County, Colorado, 80246-2732, United States of America"
1643,39.752309999999994,-104.93983,32136098,"2350, Colorado Boulevard, Denver, Denver County, Colorado, 80207, United States of America"
1644,39.74714,-104.99741000000002,356757820,"1144 Fifteenth, 1144, 15th Street, Central Business District, Denver, Denver County, Colorado, 80202, United States of America"
1645,39.74377,-104.99476999999999,246781510,"1420, Stout Street, Central Business District, Denver, Denver County, Colorado, 80202, United States of America"
1646,39.696870000000004,-105.00471,17458657,"1428, West Mississippi Avenue, Athmar Park, College View, Denver, Denver County, Colorado, 80223, United States of America"
1647,39.766259999999996,-104.93535,391749013,"Park Hill Golf Club, Smith Road, Denver, Denver County, Colorado, 80207, United States of America"
1648,39.75715,-104.8939,258115922,"8150, East 28th Place, Sandown, Denver, Denver County, Colorado, 80238, United States of America"
1649,39.78144,-104.98698999999999,382548064,"4675, Leaf Court, Globeville, Denver, Denver County, Colorado, 80216, United States of America"
1650,39.69818,-104.95823999999999,110988690,"1010, South Josephine Street, Denver, Denver County, Colorado, 80210-2938, United States of America"
1651,39.678509999999996,-104.93887,386765074,"Spicy Thai, 4101, East Evans Avenue, Denver, Denver County, Colorado, 80222, United States of America"
1652,39.6767,-104.9371,205949559,"Primrose School at Colorado Station, 4300, East Warren Avenue, Denver, Denver County, Colorado, 80222, United States of America"
1653,39.67827,-104.93696000000001,205299315,"4372, East Evans Avenue, Denver, Denver County, Colorado, 80222, United States of America"
1654,39.74543,-104.99588,244445975,"Insurance Exchange Building, 910, 15th Street, Central Business District, Denver, Denver County, Colorado, 80202, United States of America"
1655,39.76358,-105.04678,25799010,"3270, Vrain Street, West Highland, Denver, Denver County, Colorado, 80212, United States of America"
1656,39.76505,-104.93911000000001,185230660,"Northeast Denver Islamic Center, 3400, Albion Street, Denver, Denver County, Colorado, 80207, United States of America"
1657,39.73401,-104.9754,226610146,"939, East 11th Avenue, Capitol Hill, Denver, Denver County, Colorado, 80218, United States of America"
1658,39.72678,-105.03707,474488135,"630, Newton Street, Villa Park, Denver, Denver County, Colorado, 80204, United States of America"
1659,39.770790000000005,-105.01997,199683626,"2635, West 39th Avenue, Sunnyside, Denver, Denver County, Colorado, 80211, United States of America"
1660,39.687670000000004,-104.93796,2442900,"Van Dyke Apartments, 4280, East Iowa Avenue, Denver, Denver County, Colorado, 80222, United States of America"
1661,39.685390000000005,-105.02705,283063167,"3125, West Colorado Avenue, Mar Lee, College View, Denver, Denver County, Colorado, 80219, United States of America"
1662,39.73858,-105.03778,370841766,"1400, Osceola Street, West Colfax, Denver, Denver County, Colorado, 80204, United States of America"
1663,39.76146,-104.97118,339601402,"3135, Lafayette Street, Whittier, Denver, Denver County, Colorado, 80205, United States of America"
1664,39.75437,-104.97228999999999,375726473,"2557, Marion Street, Whittier, Denver, Denver County, Colorado, 80205, United States of America"
1665,39.73706,-104.98078000000001,105306588,"Penn Garage Lofts, 1300, Pennsylvania Street, Capitol Hill, Denver, Denver County, Colorado, 80203, United States of America"
1666,39.73453,-104.93976,395004039,"Hale Parkway, Denver, Denver County, Colorado, 80262, United States of America"
1667,39.71223,-104.99056000000002,356157307,"117, West Byers Place, Baker, Denver, Denver County, Colorado, 80223, United States of America"
1668,39.75734,-104.89301,297173494,"8199, East 28th Place, Sandown, Denver, Denver County, Colorado, 80238, United States of America"
1669,39.76068,-104.96047,247505649,"2238, East 31st Avenue, Whittier, Denver, Denver County, Colorado, 80205, United States of America"
1670,39.67863,-104.93869,109273671,"Colorado Station, 4298, Colorado Center Drive, Denver, Denver County, Colorado, 80222, United States of America"
1671,39.71638,-104.98629,155604293,"2, South Lincoln Street, Alamo Placita, Denver, Denver County, Colorado, 80209, United States of America"
1672,39.7508,-104.99132,245952654,"Denver Bus Center, 1055, 19th Street, Central Business District, Denver, Denver County, Colorado, 80202, United States of America"
1673,39.75672,-105.04485,372962845,"2796, Utica Street, Sloan Lake, Denver, Denver County, Colorado, 80212, United States of America"
1674,39.65565,-104.88503999999999,152376021,"3369, South Yosemite Street, Denver, Denver County, Colorado, 80231, United States of America"
1675,39.655809999999995,-104.88462,347655632,"3334, South Yosemite Street, Denver, Denver County, Colorado, 80231, United States of America"
1676,39.71273,-104.91828000000001,285203745,"6044, East Cedar Avenue, Denver, Denver County, Colorado, 80224, United States of America"
1677,39.74541,-104.8959,265998249,"7936, East 19th Avenue, Denver, Denver County, Colorado, 80220, United States of America"
1678,39.782109999999996,-104.74696999999999,421882755,"94843, North Jericho Court, Green Valley Ranch, Denver, Denver County, Colorado, 80249, United States of America"
1679,39.69206,-104.97925,364340763,"1350, South Washington Street, Platt Park, College View, Denver, Denver County, Colorado, 80210, United States of America"
1680,39.7346,-104.9814,290222818,"Pennborough Mansion Condos, 1165, Pennsylvania Street, Capitol Hill, Denver, Denver County, Colorado, 80203, United States of America"
1681,39.72867,-104.98245,4694349,"Governor's Park West Apartments, 725, Logan Street, Capitol Hill, Denver, Denver County, Colorado, 80203, United States of America"
1682,39.73217,-104.92483999999999,131536838,"1025, Grape Street, South Park Hill, Denver, Denver County, Colorado, 80220, United States of America"
1683,39.766659999999995,-104.88247,188597951,"3586, Akron Court, Sandown, Denver, Denver County, Colorado, 80238, United States of America"
1684,39.76696,-105.02255,340274711,"2815, West 36th Avenue, Potter Highland Historic District, Denver, Denver County, Colorado, 80211, United States of America"
1685,39.73625,-104.96123,299827994,"1265, Gaylord Street, Cheesman Park, Denver, Denver County, Colorado, 80206, United States of America"
1686,39.6849,-104.93482,449704816,"1750, South Clermont Street, Denver, Denver County, Colorado, 80222, United States of America"
1687,39.74613,-105.03079,249400046,"3350, West 19th Avenue, Sloan Lake, Denver, Denver County, Colorado, 80204, United States of America"
1688,39.68502,-104.93597,82435417,"4413, East Montana Place, Denver, Denver County, Colorado, 80222, United States of America"
1689,39.75662,-105.05231,93289633,"2735, Zenobia Street, Sloan Lake, Denver, Denver County, Colorado, 80212, United States of America"
1690,39.75565,-104.98136000000001,13056505,"832, 26th Street, Five Points, Denver, Denver County, Colorado, 80205, United States of America"
1691,39.74522,-105.0318,145325431,"Lake Middle School, 1820, Lowell Boulevard, West Colfax, Denver, Denver County, Colorado, 80204, United States of America"
1692,39.765209999999996,-105.01295,364969526,"3437, Vallejo Street, Highland, Denver, Denver County, Colorado, 80211, United States of America"
1693,39.73595,-104.97639,34372612,"Kalua Apartments, 1244, Emerson Street, Capitol Hill, Denver, Denver County, Colorado, 80218, United States of America"
1694,39.76563,-105.01688,355913600,"2441, West 35th Avenue, Potter Highland Historic District, Denver, Denver County, Colorado, 80211, United States of America"
1695,39.7642,-105.00593,316593842,"1620, West 34th Avenue, Highland, Denver, Denver County, Colorado, 80211, United States of America"
1696,39.69095,-105.0197,461445189,"2675, West Arkansas Avenue, Ruby Hill, College View, Denver, Denver County, Colorado, 80219, United States of America"
1697,39.74694,-104.99647,475445502,"MarkWest Energy Partners, 1515, Arapahoe Street, Central Business District, Denver, Denver County, Colorado, 80202, United States of America"
1698,39.747040000000005,-104.9973,282416410,"1144 Fifteenth, 1144, 15th Street, Central Business District, Denver, Denver County, Colorado, 80202, United States of America"
1699,39.760690000000004,-104.95858,239588660,"3060, Josephine Street, Skyland, Denver, Denver County, Colorado, 80205, United States of America"
1700,39.75338,-104.98454,14398200,"2340, Champa Street, Five Points, Denver, Denver County, Colorado, 80205, United States of America"
1701,39.76401,-104.95754,29939446,"3315, Columbine Street, Skyland, Denver, Denver County, Colorado, 80205, United States of America"
1702,39.69461,-105.00898000000001,344987190,"1219, South Raritan Street, Ruby Hill, College View, Denver, Denver County, Colorado, 80223, United States of America"
1703,39.73666,-104.9592,182113733,"2348, East 13th Avenue, Cheesman Park, Denver, Denver County, Colorado, 80206, United States of America"
1704,39.77434,-105.02871999999999,418077767,"4162, Hooker Street, Harkness Heights, Denver, Denver County, Colorado, 80211, United States of America"
1705,39.67814,-104.97486,221878997,"2117, South Corona Street, Platt Park, College View, Denver, Denver County, Colorado, 80210, United States of America"
1706,39.753679999999996,-105.01925,70749838,"2615, West 25th Avenue, Jefferson Park, Denver, Denver County, Colorado, 80211, United States of America"
1707,39.73114,-105.00333,392988328,"939, Mariposa Street, Lincoln Park, Denver, Denver County, Colorado, 80204, United States of America"
1708,39.76938,-105.00007,331463939,"1163, West 38th Avenue, East Highland, Denver, Denver County, Colorado, 80211, United States of America"
1709,39.73918,-104.95467,265015428,"1445, Detroit Street, Denver, Denver County, Colorado, 80206, United States of America"
1710,39.69593,-105.04047,190952493,"1145, South Perry Street, Mar Lee, College View, Denver, Denver County, Colorado, 80219, United States of America"
1711,39.707879999999996,-104.98487,441738882,"476, South Sherman Street, Alamo Placita, Denver, Denver County, Colorado, 80209, United States of America"
1712,39.699729999999995,-104.98158000000001,144995799,"930, South Pennsylvania Street, Alamo Placita, Denver, Denver County, Colorado, 80209, United States of America"
1713,39.74073,-104.94765,299096734,"1528, Cook Street, City Park, Denver, Denver County, Colorado, 80206, United States of America"
1714,39.73813,-104.97458,217803389,"Semper Condos, 1365, Corona Street, Capitol Hill, Denver, Denver County, Colorado, 80218, United States of America"
1715,39.73976,-104.97641999999999,119815463,"900, East Colfax Avenue, Swallow Hill Historic District, Denver, Denver County, Colorado, 80218, United States of America"
1716,39.74338,-104.9668,21533531,"1715, East 17th Avenue, City Park West, Denver, Denver County, Colorado, 80218, United States of America"
1717,39.76416,-104.95381,372175642,"3381, Fillmore Street, Skyland, Denver, Denver County, Colorado, 80205, United States of America"
1718,39.733109999999996,-105.00128000000001,482312054,"1052, Lipan Street, Lincoln Park, Denver, Denver County, Colorado, 80204, United States of America"
1719,39.689029999999995,-105.00793999999999,54180854,"1525, South Quieto Court, Ruby Hill, College View, Denver, Denver County, Colorado, 80223, United States of America"
1720,39.763220000000004,-104.97623,326347745,"3204, Arapahoe Street, Five Points, Denver, Denver County, Colorado, 80205, United States of America"
1721,39.752320000000005,-104.97498999999999,296065906,"Zion Baptist Church, 922, East 24th Avenue, Five Points, Denver, Denver County, Colorado, 80205, United States of America"
1722,39.76263,-104.92702,400694606,"5228, East Thrill Place, Denver, Denver County, Colorado, 80207, United States of America"
1723,39.73551,-104.95697,332957132,"1212, Columbine Street, Swallow Hill Historic District, Denver, Denver County, Colorado, 80206, United States of America"
1724,39.75905,-104.96043999999999,427257824,"2942, Gaylord Street, Cole, Denver, Denver County, Colorado, 80205, United States of America"
1725,39.73424,-105.03206999999999,251280417,"1070, Knox Court, Villa Park, Denver, Denver County, Colorado, 80204, United States of America"
1726,39.73203,-105.00197,93491434,"979, Lipan Street, Lincoln Park, Denver, Denver County, Colorado, 80204, United States of America"
1727,39.77933,-105.02327,60540070,"4555, Elm Court, Sunnyside, Denver, Denver County, Colorado, 80211, United States of America"
1728,39.74106,-105.0326,268811540,"1530, King Street, West Colfax, Denver, Denver County, Colorado, 80204, United States of America"
1729,39.674859999999995,-104.9072,235231486,"2305, South Olive Street, Denver, Denver County, Colorado, 80224, United States of America"
1730,39.67774,-104.93808999999999,256946451,"2136, South Ash Street, Denver, Denver County, Colorado, 80222, United States of America"
1731,39.7617,-104.97663999999999,158910254,"1010, 31st Street, Five Points, Denver, Denver County, Colorado, 80205, United States of America"
1732,39.72102,-104.98498000000001,168377601,"300, Sherman Street, Quality Hill Historic District, Denver, Denver County, Colorado, 80203, United States of America"
1733,39.69441,-104.95588000000001,95478754,"1221, South Elizabeth Street, Denver, Denver County, Colorado, 80210-2938, United States of America"
1734,39.69296,-104.95803000000001,232187223,"2351, East Louisiana Avenue, Denver, Denver County, Colorado, 80210, United States of America"
1735,39.67438,-105.03447,359748995,"2340, South Lowell Boulevard, Harvey Park, College View, Denver, Denver County, Colorado, 80219, United States of America"
1736,39.76075,-105.01077,441359228,"1669, Erie Street, Highland, Denver, Denver County, Colorado, 80211, United States of America"
1737,39.74089,-104.97508,46010608,"1545, Ogden Street, North Capitol Hill, Denver, Denver County, Colorado, 80218, United States of America"
1738,39.71397,-104.98643,247554188,"19, East Maple Avenue, Baker, Denver, Denver County, Colorado, 80209, United States of America"
1739,39.765370000000004,-104.90665,167538228,"7020, East 35th Avenue, Sandown, Denver, Denver County, Colorado, 80207, United States of America"
1740,39.77328,-105.01158999999998,46813096,"4117, Tejon Street, Sunnyside, Denver, Denver County, Colorado, 80211, United States of America"
1741,39.72129,-105.02675,401279733,"3025, West 3rd Avenue, Barnum, Denver, Denver County, Colorado, 80219, United States of America"
1742,39.74158,-104.96186000000002,233593785,"2109, East 16th Avenue, City Park West, Denver, Denver County, Colorado, 80206, United States of America"
1743,39.75666,-104.89693999999999,272399120,"7800, East 28th Drive, Sandown, Denver, Denver County, Colorado, 80238, United States of America"
1744,39.71451,-104.98746000000001,346782422,"Broadway Book Mall, 200, South Broadway, Baker, Denver, Denver County, Colorado, 80209, United States of America"
1745,39.747440000000005,-104.9006,371409648,"7537, Montview Boulevard, Denver, Denver County, Colorado, 80220, United States of America"
1746,39.73368,-104.9944,421119315,"West 11th Avenue, Lincoln Park, Denver, Denver County, Colorado, 80273, United States of America"
1747,39.74228,-104.96171000000001,29442122,"1632, Vine Street, Cole Neighborhood Historic District, Denver, Denver County, Colorado, 80206, United States of America"
1748,39.778490000000005,-105.00698999999999,456361573,"4536, Quieto Court, Sunnyside, Denver, Denver County, Colorado, 80211, United States of America"
1749,39.74072,-105.0385,285086992,"1509, Osceola Street, West Colfax, Denver, Denver County, Colorado, 80204, United States of America"
1750,39.6747,-104.94126999999999,138917361,"2305, South Colorado Boulevard, Denver, Denver County, Colorado, 80222, United States of America"
1751,39.760459999999995,-105.01326999999999,163287592,"Renee Apartments, 3055, Vallejo Street, Highland, Denver, Denver County, Colorado, 80211, United States of America"
1752,39.76345,-105.02192,449496352,"2759, West 33rd Avenue, Potter Highland Historic District, Denver, Denver County, Colorado, 80211, United States of America"
1753,39.68735,-105.04997,44951255,"1626, South Xavier Street, Harvey Park, College View, Denver, Denver County, Colorado, 80219, United States of America"
1754,39.69226,-104.89748,426108630,"Hunt Club, Denver, Denver County, Colorado, 80231, United States of America"
1755,39.746759999999995,-104.98176000000001,428416631,"Tower on the Park Condominiums, 1950, Logan Street, North Capitol Hill, Denver, Denver County, Colorado, 80203, United States of America"
1756,39.72038,-104.99457,30988078,"DCIS at Fairmont, West 2nd Avenue, Baker, Denver, Denver County, Colorado, 80273, United States of America"
1757,39.7626,-105.04066,10759520,"3221, Quitman Street, West Highland, Denver, Denver County, Colorado, 80212, United States of America"
1758,39.637890000000006,-104.88731999999999,251177633,"Interstate 225 Frontage Road, Denver, Denver County, Colorado, 802377, United States of America"
1759,39.75737,-105.00113,397563457,"Alta City House, 1801, Chestnut Place, Union Station, Denver, Denver County, Colorado, 80202, United States of America"
1760,39.73513,-104.99496,74408956,"Speer Boulevard, Lincoln Park, Denver, Denver County, Colorado, 80273, United States of America"
1761,39.65743,-104.92557,322552754,"3263, South Glencoe Street, Denver, Denver County, Colorado, 80222, United States of America"
1762,39.69037,-105.01888999999998,317179419,"1433, South Carlan Court, Ruby Hill, College View, Denver, Denver County, Colorado, 80219, United States of America"
1763,39.70758,-104.98745,276030927,"3, East Virginia Avenue, Baker, Denver, Denver County, Colorado, 80209, United States of America"
1764,39.6902,-104.97505,243026190,"1038, Buchtel Boulevard South, Platt Park, Denver, Denver County, Colorado, 80210, United States of America"
1765,39.7875,-105.01688999999999,248472053,"2499, West 50th Avenue, Chaffee Park, Denver, Denver County, Colorado, 80221, United States of America"
1766,39.7513,-104.93916999999999,292289598,"4115, East 23rd Avenue, Denver, Denver County, Colorado, 80207, United States of America"
1767,39.724270000000004,-104.97708,443148190,"807, East 5th Avenue, Alamo Placita, Denver, Denver County, Colorado, 80218, United States of America"
1768,39.75281,-104.96311999999999,175575566,"2440, Race Street, Cole Neighborhood Historic District, Denver, Denver County, Colorado, 80205, United States of America"
1769,39.713029999999996,-104.98268,102690843,"166, South Logan Street, Alamo Placita, Denver, Denver County, Colorado, 80209, United States of America"
1770,39.79135,-105.02145,142091170,"Building 1, 2791, West 52nd Avenue, Chaffee Park, Berkley, Denver County, Colorado, 80221, United States of America"
1771,39.73692,-104.97508,412405184,"Ogden Flats, 1300, Ogden Street, Capitol Hill, Denver, Denver County, Colorado, 80218, United States of America"
1772,39.71993,-104.99700000000001,58433515,"237, Galapago Street, Baker, Denver, Denver County, Colorado, 80223, United States of America"
1773,39.752629999999996,-104.99498999999999,235586716,"B-Cycle Station, Market Street, Central Business District, Denver, Denver County, Colorado, 80202, United States of America"
1774,39.770920000000004,-105.04733999999999,256425580,"3890, Winona Court, Berkeley, Denver, Denver County, Colorado, 80212, United States of America"
1775,39.74881,-104.91573999999999,99765429,"6250, East 22nd Avenue, South Park Hill, Denver, Denver County, Colorado, 80207, United States of America"
1776,39.69815,-105.0022,295295862,"1466, West Tennessee Avenue, Athmar Park, College View, Denver, Denver County, Colorado, 80223, United States of America"
1777,39.73796,-104.96131000000001,107224843,"1359, Gaylord Street, Cheesman Park, Denver, Denver County, Colorado, 80206, United States of America"
1778,39.740990000000004,-104.99493000000001,38227758,"1235, Glenarm Place, Central Business District, Denver, Denver County, Colorado, 80204, United States of America"
1779,39.636720000000004,-104.89947,387483238,"4400, South Quebec Street, Denver, Denver County, Colorado, 80237, United States of America"
1780,39.75886,-105.02538999999999,146562606,"2905, Federal Boulevard, West Highland, Denver, Denver County, Colorado, 80211, United States of America"
1781,39.73798,-104.96072,291274998,"1360, Gaylord Street, Cheesman Park, Denver, Denver County, Colorado, 80206, United States of America"
1782,39.78403,-104.7485,490689,"Green Valley Ranch Golf Club, North Jebel Street, Green Valley Ranch, Denver, Denver County, Colorado, 80019, United States of America"
1783,39.73814,-104.96206000000001,324068956,"2114, East 14th Avenue, Cheesman Park, Denver, Denver County, Colorado, 80206, United States of America"
1784,39.76126,-105.00587,134115678,"1882, Central Street, Highland, Denver, Denver County, Colorado, 80211, United States of America"
1785,39.758390000000006,-104.9706,426167119,"1415, East 29th Avenue, Whittier, Denver, Denver County, Colorado, 80205, United States of America"
1786,39.725,-104.99269,344212920,"548, Delaware Street, Baker, Denver, Denver County, Colorado, 80204, United States of America"
1787,39.73583,-104.96271999999999,434762512,"1243, Vine Street, Cheesman Park, Denver, Denver County, Colorado, 80206, United States of America"
1788,39.736059999999995,-104.96283999999999,34305503,"1257, Vine Street, Cheesman Park, Denver, Denver County, Colorado, 80206, United States of America"
1789,39.70787,-104.98071999999999,327118922,"477, South Pearl Street, Alamo Placita, Denver, Denver County, Colorado, 80209, United States of America"
1790,39.74794,-104.89992,481916106,"2033, Rosemary Street, Denver, Denver County, Colorado, 80207, United States of America"
1791,39.76972,-104.96923999999999,135132662,"3934, Humboldt Street, Cole, Denver, Denver County, Colorado, 80205, United States of America"
1792,39.76554,-104.93306000000001,135061401,"3498, Dexter Street, Denver, Denver County, Colorado, 80207, United States of America"
1793,39.76256,-105.01402,123726731,"3226, Wyandot Street, Highland, Denver, Denver County, Colorado, 80211, United States of America"
1794,39.7116,-104.95167,424153559,"3035, East Alameda Avenue, Denver, Denver County, Colorado, 80209, United States of America"
1795,39.769940000000005,-105.04696000000001,355788980,"3822, Winona Court, Berkeley, Denver, Denver County, Colorado, 80212, United States of America"
1796,39.67628,-104.95828,419917028,"University of Denver (DU), Buchtel Boulevard, Denver, Denver County, Colorado, 80208, United States of America"
1797,39.7451,-104.99502,475554706,"820, 15th Street, Central Business District, Denver, Denver County, Colorado, 80202, United States of America"
1798,39.6945,-105.02146,449399241,"1210, South Dale Court, Valverde, College View, Denver, Denver County, Colorado, 80219, United States of America"
1799,39.66607,-104.97251000000001,137056972,"1309, Amherst Circle, College View, Denver, Denver County, Colorado, 80210, United States of America"
